timestamp,date,time,point_id,road_name,highway_type,lat,lon,frc,current_speed_kmh,free_flow_speed_kmh,current_travel_time_s,free_flow_travel_time_s,delay_s,congestion_index,confidence,road_closure,est_volume_vph,arrival_rate_vps
2026-10-04T18:01:43.980541,2026-10-04,18:01:43,way_32585854,Nguyễn Văn Cừ,primary,10.762222,106.682848,FRC1,17.5,45.9,127.5,48.6,78.9,0.6187,1.0,False,2176.5,0.6046
2026-10-04T18:01:43.980541,2026-10-04,18:01:43,way_32586673,Nguyễn Biểu,secondary,10.757298,106.683203,FRC2,43.3,51.4,43.9,37.0,6.9,0.1576,1.0,False,1267.1,0.352
2026-10-04T18:01:43.980541,2026-10-04,18:01:43,way_33573873,Cầu Nguyễn Văn Cừ,primary,10.753862,106.686856,FRC2,29.3,47.9,74.7,45.7,29.0,0.3883,1.0,False,1721.0,0.4781
2026-10-04T18:01:43.980541,2026-10-04,18:01:43,way_35113724,Đường Nguyễn Cảnh Chân,tertiary,10.757939,106.68888,FRC1,25.7,52.2,89.4,44.0,45.4,0.5077,1.0,False,1943.4,0.5398
2026-10-04T18:01:43.980541,2026-10-04,18:01:43,way_165216642,Nguyễn Văn Cừ,primary_link,10.75476,106.686451,FRC3,29.2,58.7,98.7,49.1,49.6,0.5026,1.0,False,1933.1,0.537
2026-10-04T20:19:57.130971,2026-10-04,20:19:57,way_32585854,Nguyễn Văn Cừ,primary,10.762222,106.682848,FRC2,20.7,53.8,106.6,41.0,65.6,0.6152,1.0,False,2168.6,0.6024
2026-10-04T20:25:27.326062,2026-10-04,20:25:27,way_32585854,Nguyễn Văn Cừ,primary,10.762222,106.682848,FRC3,38.2,52.2,45.8,33.5,12.3,0.2682,1.0,False,1501.0,0.4169
2026-10-04T20:25:27.326062,2026-10-04,20:25:27,way_32586673,Nguyễn Biểu,secondary,10.757298,106.683203,FRC3,22.3,57.7,99.6,38.5,61.1,0.6135,1.0,False,2164.2,0.6012
2026-10-04T20:25:27.326062,2026-10-04,20:25:27,way_33573873,Cầu Nguyễn Văn Cừ,primary,10.753862,106.686856,FRC2,39.6,54.0,49.5,36.3,13.2,0.2667,1.0,False,1497.4,0.4159
2026-10-04T20:25:27.326062,2026-10-04,20:25:27,way_35113724,Đường Nguyễn Cảnh Chân,tertiary,10.757939,106.68888,FRC1,49.5,54.2,57.7,52.7,5.0,0.0867,1.0,False,1070.2,0.2973
2026-10-04T20:25:27.326062,2026-10-04,20:25:27,way_165216642,Nguyễn Văn Cừ,primary_link,10.75476,106.686451,FRC3,22.5,56.3,65.8,26.3,39.5,0.6004,1.0,False,2134.6,0.5929
2026-10-04T20:25:27.326062,2026-10-04,20:25:27,way_165216643,Nguyễn Văn Cừ,primary_link,10.754653,106.686312,FRC2,36.5,43.6,50.1,41.9,8.2,0.1628,1.0,False,1282.5,0.3563
2026-10-04T20:25:27.326062,2026-10-04,20:25:27,way_189017049,Võ Văn Kiệt,primary,10.755886,106.688742,FRC2,33.2,47.4,60.8,42.6,18.2,0.2996,1.0,False,1558.9,0.433
2026-10-04T20:25:27.326062,2026-10-04,20:25:27,way_219859641,Cầu Nguyễn Văn Cừ,primary,10.754038,106.686709,FRC1,36.6,42.1,24.7,21.5,3.2,0.1306,1.0,False,1197.7,0.3327
2026-10-04T20:25:27.326062,2026-10-04,20:25:27,way_219859643,Nguyễn Văn Cừ,primary,10.755803,106.685594,FRC2,43.6,48.0,39.0,35.4,3.6,0.0917,1.0,False,1088.9,0.3025
2026-10-04T20:25:27.326062,2026-10-04,20:25:27,way_219859645,Nguyễn Văn Cừ,primary,10.75585,106.685444,FRC2,37.9,42.6,66.2,58.9,7.3,0.1103,1.0,False,1144.1,0.3178
2026-10-04T20:25:27.326062,2026-10-04,20:25:27,way_219860447,Nguyễn Văn Cừ,primary,10.758735,106.684343,FRC3,40.1,48.4,70.7,58.6,12.1,0.1715,1.0,False,1299.8,0.3611
2026-10-04T20:25:27.326062,2026-10-04,20:25:27,way_227746179,Trần Hưng Đạo,primary,10.756417,106.685286,FRC2,21.5,50.3,138.3,59.1,79.2,0.5726,1.0,False,2074.6,0.5763
2026-10-04T20:25:27.326062,2026-10-04,20:25:27,way_327048057,Trần Hưng Đạo,primary,10.755154,106.680361,FRC2,30.3,40.4,44.7,33.5,11.2,0.25,1.0,False,1466.2,0.4073
2026-10-04T20:25:27.326062,2026-10-04,20:25:27,way_327048058,Nguyễn Văn Cừ,primary,10.756372,106.68518,FRC1,24.9,55.0,123.5,55.9,67.6,0.5473,1.0,False,2022.1,0.5617
2026-10-04T20:25:27.326062,2026-10-04,20:25:27,way_330374257,Lê Hồng Phong,secondary,10.761535,106.676766,FRC2,51.7,59.8,64.0,55.3,8.7,0.1355,1.0,False,1214.4,0.3373
2026-10-04T20:25:27.326062,2026-10-04,20:25:27,way_330374295,Trần Phú,primary,10.762691,106.679125,FRC1,42.2,49.9,31.0,26.2,4.8,0.1543,1.0,False,1261.5,0.3504
2026-10-04T20:25:27.326062,2026-10-04,20:25:27,way_330532332,Nguyễn Văn Cừ,primary,10.760069,106.683711,FRC2,19.0,42.8,92.4,41.0,51.4,0.5561,1.0,False,2040.3,0.5667
2026-10-04T20:25:27.326062,2026-10-04,20:25:27,way_330532335,Nguyễn Văn Cừ,primary,10.762277,106.682987,FRC3,33.2,46.0,79.0,57.0,22.0,0.2783,1.0,False,1519.8,0.4222
2026-10-04T20:25:27.326062,2026-10-04,20:25:27,way_432079671,Nguyễn Trãi,secondary,10.757578,106.67911,FRC1,41.5,55.9,29.2,21.7,7.5,0.2576,1.0,False,1478.5,0.4107
2026-10-04T20:25:27.326062,2026-10-04,20:25:27,way_464307720,Unnamed Road,primary_link,10.757425,106.68625,FRC1,36.6,58.9,37.5,23.3,14.2,0.3786,1.0,False,1703.7,0.4733
2026-10-04T20:30:27.495680,2026-10-04,20:30:27,way_32585854,Nguyễn Văn Cừ,primary,10.762222,106.682848,FRC3,32.6,47.5,39.2,26.9,12.3,0.3137,1.0,False,1585.6,0.4404
2026-10-04T20:30:27.495680,2026-10-04,20:30:27,way_32586673,Nguyễn Biểu,secondary,10.757298,106.683203,FRC2,17.2,45.6,61.5,23.2,38.3,0.6228,1.0,False,2185.7,0.6071
2026-10-04T20:30:27.495680,2026-10-04,20:30:27,way_33573873,Cầu Nguyễn Văn Cừ,primary,10.753862,106.686856,FRC1,30.9,57.8,55.7,29.8,25.9,0.4654,1.0,False,1861.8,0.5172
2026-10-04T20:30:27.495680,2026-10-04,20:30:27,way_35113724,Đường Nguyễn Cảnh Chân,tertiary,10.757939,106.68888,FRC1,49.7,52.4,60.8,57.7,3.1,0.0515,1.0,False,928.3,0.2579
2026-10-04T20:30:27.495680,2026-10-04,20:30:27,way_165216642,Nguyễn Văn Cừ,primary_link,10.75476,106.686451,FRC2,23.5,41.3,50.3,28.6,21.7,0.431,1.0,False,1799.6,0.4999
2026-10-04T20:30:27.495680,2026-10-04,20:30:27,way_165216643,Nguyễn Văn Cừ,primary_link,10.754653,106.686312,FRC3,28.5,59.7,51.5,24.6,26.9,0.5226,1.0,False,1971.8,0.5477
2026-10-04T20:30:27.495680,2026-10-04,20:30:27,way_189017049,Võ Văn Kiệt,primary,10.755886,106.688742,FRC2,40.4,47.3,63.9,54.6,9.3,0.1459,1.0,False,1238.7,0.3441
2026-10-04T20:30:27.495680,2026-10-04,20:30:27,way_219859641,Cầu Nguyễn Văn Cừ,primary,10.754038,106.686709,FRC1,37.2,58.9,82.8,52.3,30.5,0.3684,1.0,False,1685.0,0.4681
2026-10-04T20:30:27.495680,2026-10-04,20:30:27,way_219859643,Nguyễn Văn Cừ,primary,10.755803,106.685594,FRC2,31.4,43.8,67.7,48.5,19.2,0.2831,1.0,False,1529.5,0.4249
2026-10-04T20:30:27.495680,2026-10-04,20:30:27,way_219859645,Nguyễn Văn Cừ,primary,10.75585,106.685444,FRC2,21.2,47.6,46.3,20.6,25.7,0.5546,1.0,False,2037.9,0.5661
2026-10-04T20:30:27.495680,2026-10-04,20:30:27,way_219860447,Nguyễn Văn Cừ,primary,10.758735,106.684343,FRC1,16.5,40.2,51.7,21.2,30.5,0.5896,1.0,False,2111.8,0.5866
2026-10-04T20:30:27.495680,2026-10-04,20:30:27,way_227746179,Trần Hưng Đạo,primary,10.756417,106.685286,FRC1,24.4,54.5,81.8,36.6,45.2,0.5523,1.0,False,2032.7,0.5646
2026-10-04T20:30:27.495680,2026-10-04,20:30:27,way_327048057,Trần Hưng Đạo,primary,10.755154,106.680361,FRC3,31.1,49.7,37.6,23.5,14.1,0.3742,1.0,False,1697.1,0.4714
2026-10-04T20:30:27.495680,2026-10-04,20:30:27,way_327048058,Nguyễn Văn Cừ,primary,10.756372,106.68518,FRC2,15.3,40.3,116.4,44.2,72.2,0.6203,1.0,False,2179.9,0.6055
2026-10-04T20:30:27.495680,2026-10-04,20:30:27,way_330374257,Lê Hồng Phong,secondary,10.761535,106.676766,FRC2,28.4,50.9,88.7,49.5,39.2,0.442,1.0,False,1819.0,0.5053
2026-10-04T20:30:27.495680,2026-10-04,20:30:27,way_330374295,Trần Phú,primary,10.762691,106.679125,FRC3,19.6,55.4,135.1,47.8,87.3,0.6462,1.0,False,2241.6,0.6227
2026-10-04T20:30:27.495680,2026-10-04,20:30:27,way_330532332,Nguyễn Văn Cừ,primary,10.760069,106.683711,FRC3,26.3,52.5,67.9,34.0,33.9,0.499,1.0,False,1926.8,0.5352
2026-10-04T20:30:27.495680,2026-10-04,20:30:27,way_330532335,Nguyễn Văn Cừ,primary,10.762277,106.682987,FRC3,31.8,42.7,69.2,51.5,17.7,0.2553,1.0,False,1476.4,0.4101
2026-10-04T20:30:27.495680,2026-10-04,20:30:27,way_432079671,Nguyễn Trãi,secondary,10.757578,106.67911,FRC1,31.0,42.1,39.0,28.7,10.3,0.2637,1.0,False,1492.4,0.4146
2026-10-04T20:30:27.495680,2026-10-04,20:30:27,way_464307720,Unnamed Road,primary_link,10.757425,106.68625,FRC1,39.7,49.8,70.6,56.3,14.3,0.2028,1.0,False,1368.9,0.3803
2026-10-04T20:35:27.597469,2026-10-04,20:35:27,way_32585854,Nguyễn Văn Cừ,primary,10.762222,106.682848,FRC1,23.4,55.4,50.4,21.3,29.1,0.5776,1.0,False,2084.7,0.5791
2026-10-04T20:35:27.597469,2026-10-04,20:35:27,way_32586673,Nguyễn Biểu,secondary,10.757298,106.683203,FRC1,38.5,46.6,64.8,53.5,11.3,0.1738,1.0,False,1307.2,0.3631
2026-10-04T20:35:27.597469,2026-10-04,20:35:27,way_33573873,Cầu Nguyễn Văn Cừ,primary,10.753862,106.686856,FRC1,26.0,52.4,96.9,48.1,48.8,0.5038,1.0,False,1935.2,0.5376
2026-10-04T20:35:27.597469,2026-10-04,20:35:27,way_35113724,Đường Nguyễn Cảnh Chân,tertiary,10.757939,106.68888,FRC1,33.7,47.5,45.5,32.3,13.2,0.2905,1.0,False,1541.7,0.4283
2026-10-04T20:35:27.597469,2026-10-04,20:35:27,way_165216642,Nguyễn Văn Cừ,primary_link,10.75476,106.686451,FRC2,16.8,45.9,149.7,54.8,94.9,0.634,1.0,False,2212.0,0.6144
2026-10-04T20:35:27.597469,2026-10-04,20:35:27,way_165216643,Nguyễn Văn Cừ,primary_link,10.754653,106.686312,FRC3,29.9,44.8,40.0,26.7,13.3,0.3326,1.0,False,1619.9,0.45
2026-10-04T20:35:27.597469,2026-10-04,20:35:27,way_189017049,Võ Văn Kiệt,primary,10.755886,106.688742,FRC2,36.8,44.6,25.3,20.9,4.4,0.1749,1.0,False,1306.1,0.3628
2026-10-04T20:35:27.597469,2026-10-04,20:35:27,way_219859641,Cầu Nguyễn Văn Cừ,primary,10.754038,106.686709,FRC1,32.3,48.4,66.2,44.2,22.0,0.3326,1.0,False,1619.6,0.4499
2026-10-04T20:35:27.597469,2026-10-04,20:35:27,way_219859643,Nguyễn Văn Cừ,primary,10.755803,106.685594,FRC2,38.4,46.8,49.7,40.8,8.9,0.1795,1.0,False,1317.8,0.3661
2026-10-04T20:35:27.597469,2026-10-04,20:35:27,way_219859645,Nguyễn Văn Cừ,primary,10.75585,106.685444,FRC1,27.6,50.9,80.8,43.8,37.0,0.4578,1.0,False,1848.6,0.5135
2026-10-04T20:35:27.597469,2026-10-04,20:35:27,way_219860447,Nguyễn Văn Cừ,primary,10.758735,106.684343,FRC3,39.8,54.4,33.8,24.7,9.1,0.2684,1.0,False,1502.3,0.4173
2026-10-04T20:35:27.597469,2026-10-04,20:35:27,way_227746179,Trần Hưng Đạo,primary,10.756417,106.685286,FRC1,21.4,59.2,118.4,42.8,75.6,0.6385,1.0,False,2222.9,0.6175
2026-10-04T20:35:27.597469,2026-10-04,20:35:27,way_327048057,Trần Hưng Đạo,primary,10.755154,106.680361,FRC1,20.4,50.1,130.2,53.0,77.2,0.5928,1.0,False,2118.3,0.5884
2026-10-04T20:35:27.597469,2026-10-04,20:35:27,way_327048058,Nguyễn Văn Cừ,primary,10.756372,106.68518,FRC3,31.2,46.3,62.2,41.9,20.3,0.3261,1.0,False,1608.7,0.4469
2026-10-04T20:35:27.597469,2026-10-04,20:35:27,way_330374257,Lê Hồng Phong,secondary,10.761535,106.676766,FRC2,37.3,42.4,55.7,49.0,6.7,0.1203,1.0,False,1172.5,0.3257
2026-10-04T20:35:27.597469,2026-10-04,20:35:27,way_330374295,Trần Phú,primary,10.762691,106.679125,FRC3,25.9,40.0,40.2,26.0,14.2,0.3525,1.0,False,1657.6,0.4604
2026-10-04T20:35:27.597469,2026-10-04,20:35:27,way_330532332,Nguyễn Văn Cừ,primary,10.760069,106.683711,FRC1,40.1,58.3,37.4,25.7,11.7,0.3122,1.0,False,1583.9,0.44
2026-10-04T20:35:27.597469,2026-10-04,20:35:27,way_330532335,Nguyễn Văn Cừ,primary,10.762277,106.682987,FRC3,32.9,44.6,61.3,45.2,16.1,0.2623,1.0,False,1489.6,0.4138
2026-10-04T20:35:27.597469,2026-10-04,20:35:27,way_432079671,Nguyễn Trãi,secondary,10.757578,106.67911,FRC1,46.6,57.0,71.4,58.4,13.0,0.1825,1.0,False,1324.5,0.3679
2026-10-04T20:35:27.597469,2026-10-04,20:35:27,way_464307720,Unnamed Road,primary_link,10.757425,106.68625,FRC3,19.6,45.2,97.3,42.2,55.1,0.5664,1.0,False,2061.2,0.5726
