point_id,road_name,highway_type,lat,lon
way_32585854,Nguyễn Văn Cừ,primary,10.762222,106.682848
way_32586673,Nguyễn Biểu,secondary,10.757298,106.683203
way_33573873,Cầu Nguyễn Văn Cừ,primary,10.753862,106.686856
way_35113724,Đường Nguyễn Cảnh Chân,tertiary,10.757939,106.68888
way_165216642,Nguyễn Văn Cừ,primary_link,10.75476,106.686451
way_165216643,Nguyễn Văn Cừ,primary_link,10.754653,106.686312
way_189017049,Võ Văn Kiệt,primary,10.755886,106.688742
way_219859641,Cầu Nguyễn Văn Cừ,primary,10.754038,106.686709
way_219859643,Nguyễn Văn Cừ,primary,10.755803,106.685594
way_219859645,Nguyễn Văn Cừ,primary,10.75585,106.685444
way_219860447,Nguyễn Văn Cừ,primary,10.758735,106.684343
way_227746179,Trần Hưng Đạo,primary,10.756417,106.685286
way_327048057,Trần Hưng Đạo,primary,10.755154,106.680361
way_327048058,Nguyễn Văn Cừ,primary,10.756372,106.68518
way_330374257,Lê Hồng Phong,secondary,10.761535,106.676766
way_330374295,Trần Phú,primary,10.762691,106.679125
way_330532332,Nguyễn Văn Cừ,primary,10.760069,106.683711
way_330532335,Nguyễn Văn Cừ,primary,10.762277,106.682987
way_432079671,Nguyễn Trãi,secondary,10.757578,106.67911
way_464307720,Unnamed Road,primary_link,10.757425,106.68625
way_466043072,Võ Văn Kiệt,primary,10.754694,106.688027
way_466095118,Trần Hưng Đạo,primary,10.758549,106.687012
way_466095490,Trần Hưng Đạo,primary,10.758449,106.687149
way_467714905,Trần Bình Trọng,tertiary,10.760872,106.679749
way_467714908,Trần Bình Trọng,tertiary,10.756492,106.681079
way_468616398,Trần Hưng Đạo,primary,10.754773,106.679287
way_468616402,Lê Hồng Phong,tertiary,10.756155,106.678478
way_468616410,Huỳnh Mẫn Đạt,tertiary,10.754742,106.676726
way_468695188,Trần Hưng Đạo,primary,10.756283,106.684844
way_468695191,Trần Bình Trọng,tertiary,10.755383,106.681381
way_468695192,Trần Bình Trọng,tertiary,10.754111,106.681955
way_567510252,Cầu Nguyễn Văn Cừ,primary_link,10.754166,106.687417
way_585932605,Lê Hồng Phong,secondary,10.758254,106.677809
way_610375512,Nguyễn Văn Cừ,primary,10.763452,106.682276
way_610375515,Nguyễn Văn Cừ,primary,10.76355,106.682571
way_612147499,Nguyễn Văn Cừ,primary,10.760795,106.683363
way_613707993,Unnamed Road,primary_link,10.75841,106.68689
way_689466825,Nguyễn Biểu,secondary,10.754708,106.684125
way_696114973,Nguyễn Văn Cừ,primary,10.756546,106.685221
way_696114975,Trần Hưng Đạo,primary,10.756484,106.685126
